type,code,Red (0-255),Green (0-255),Blue (0-255),
Playing,1,255,0,0,
Walking,2,0,255,0,
Standing,3,0,0,255,
Trotting,4,255,255,0,
"Sniffing, walking",5,0,255,255,
Vigilant,6,255,0,255,
Running,7,128,0,255,
Shook,8,0,128,255,
Sniffing,9,255,0,128,
Rolling on back,10,255,128,0,
Social Interaction,11,128,80,128,
Out of sight,12,128,50,80,
Blank,13,110,70,20,
Feeding,14,255,64,64,
DO NOT MOVE THIS LINE OR DELETE ANY OF THE LINES ABOVE IT. Note that if a value in the events column below > 0 then duration (seconds) is ignored and the width is calculated from the events value,,,,,
date,start,duration,behavior,decimal,events width
01/01/2017,00:10:08,14.5,1,0,0
01/01/2017,00:12:21,5,2,0,0
